{
   "gm_bigcity" : [ 0.02264492753623190, 13248, 13248 ],
   "gm_construct" : [ 0.05443135245901640, 4568, 5640 ],
   "gm_construct_flatgrass_v6-2" : [ 0.02094972067039110, 14320, 14320 ],
   "gm_flatgrass" : [ 0.019531250, 15360, 15360 ]
}
